{"cameraMode":{"drawMode":0,"name":"Shaded","section":"Shading Mode"},"sceneLighting":false,"audioPlay":false,"sceneViewState":{"showFog":true,"showMaterialUpdate":false,"showSkybox":false,"showFlares":true,"showImageEffects":true,"showParticleSystems":true},"in2DMode":false,"pivot":{"x":-0.000052809715270996094,"y":-3.948807716369629e-7,"z":1.0216013193130494},"rotation":{"x":-0.028183117508888246,"y":0.9672124981880188,"z":-0.21984495222568513,"w":-0.12399216741323471},"size":1.376839518547058,"orthographic":false}